,Name,Episodes
0,Rick Sanchez,"['https://rickandmortyapi.com/api/episode/1', 'https://rickandmortyapi.com/api/episode/2', 'https://rickandmortyapi.com/api/episode/3', 'https://rickandmortyapi.com/api/episode/4', 'https://rickandmortyapi.com/api/episode/5', 'https://rickandmortyapi.com/api/episode/6', 'https://rickandmortyapi.com/api/episode/7', 'https://rickandmortyapi.com/api/episode/8', 'https://rickandmortyapi.com/api/episode/9', 'https://rickandmortyapi.com/api/episode/10', 'https://rickandmortyapi.com/api/episode/11', 'https://rickandmortyapi.com/api/episode/12', 'https://rickandmortyapi.com/api/episode/13', 'https://rickandmortyapi.com/api/episode/14', 'https://rickandmortyapi.com/api/episode/15', 'https://rickandmortyapi.com/api/episode/16', 'https://rickandmortyapi.com/api/episode/17', 'https://rickandmortyapi.com/api/episode/18', 'https://rickandmortyapi.com/api/episode/19', 'https://rickandmortyapi.com/api/episode/20', 'https://rickandmortyapi.com/api/episode/21', 'https://rickandmortyapi.com/api/episode/22', 'https://rickandmortyapi.com/api/episode/23', 'https://rickandmortyapi.com/api/episode/24', 'https://rickandmortyapi.com/api/episode/25', 'https://rickandmortyapi.com/api/episode/26', 'https://rickandmortyapi.com/api/episode/27', 'https://rickandmortyapi.com/api/episode/28', 'https://rickandmortyapi.com/api/episode/29', 'https://rickandmortyapi.com/api/episode/30', 'https://rickandmortyapi.com/api/episode/31', 'https://rickandmortyapi.com/api/episode/32', 'https://rickandmortyapi.com/api/episode/33', 'https://rickandmortyapi.com/api/episode/34', 'https://rickandmortyapi.com/api/episode/35', 'https://rickandmortyapi.com/api/episode/36', 'https://rickandmortyapi.com/api/episode/37', 'https://rickandmortyapi.com/api/episode/38', 'https://rickandmortyapi.com/api/episode/39', 'https://rickandmortyapi.com/api/episode/40', 'https://rickandmortyapi.com/api/episode/41', 'https://rickandmortyapi.com/api/episode/42', 'https://rickandmortyapi.com/api/episode/43', 'https://rickandmortyapi.com/api/episode/44', 'https://rickandmortyapi.com/api/episode/45', 'https://rickandmortyapi.com/api/episode/46', 'https://rickandmortyapi.com/api/episode/47', 'https://rickandmortyapi.com/api/episode/48', 'https://rickandmortyapi.com/api/episode/49', 'https://rickandmortyapi.com/api/episode/50', 'https://rickandmortyapi.com/api/episode/51']"
1,Morty Smith,"['https://rickandmortyapi.com/api/episode/1', 'https://rickandmortyapi.com/api/episode/2', 'https://rickandmortyapi.com/api/episode/3', 'https://rickandmortyapi.com/api/episode/4', 'https://rickandmortyapi.com/api/episode/5', 'https://rickandmortyapi.com/api/episode/6', 'https://rickandmortyapi.com/api/episode/7', 'https://rickandmortyapi.com/api/episode/8', 'https://rickandmortyapi.com/api/episode/9', 'https://rickandmortyapi.com/api/episode/10', 'https://rickandmortyapi.com/api/episode/11', 'https://rickandmortyapi.com/api/episode/12', 'https://rickandmortyapi.com/api/episode/13', 'https://rickandmortyapi.com/api/episode/14', 'https://rickandmortyapi.com/api/episode/15', 'https://rickandmortyapi.com/api/episode/16', 'https://rickandmortyapi.com/api/episode/17', 'https://rickandmortyapi.com/api/episode/18', 'https://rickandmortyapi.com/api/episode/19', 'https://rickandmortyapi.com/api/episode/20', 'https://rickandmortyapi.com/api/episode/21', 'https://rickandmortyapi.com/api/episode/22', 'https://rickandmortyapi.com/api/episode/23', 'https://rickandmortyapi.com/api/episode/24', 'https://rickandmortyapi.com/api/episode/25', 'https://rickandmortyapi.com/api/episode/26', 'https://rickandmortyapi.com/api/episode/27', 'https://rickandmortyapi.com/api/episode/28', 'https://rickandmortyapi.com/api/episode/29', 'https://rickandmortyapi.com/api/episode/30', 'https://rickandmortyapi.com/api/episode/31', 'https://rickandmortyapi.com/api/episode/32', 'https://rickandmortyapi.com/api/episode/33', 'https://rickandmortyapi.com/api/episode/34', 'https://rickandmortyapi.com/api/episode/35', 'https://rickandmortyapi.com/api/episode/36', 'https://rickandmortyapi.com/api/episode/37', 'https://rickandmortyapi.com/api/episode/38', 'https://rickandmortyapi.com/api/episode/39', 'https://rickandmortyapi.com/api/episode/40', 'https://rickandmortyapi.com/api/episode/41', 'https://rickandmortyapi.com/api/episode/42', 'https://rickandmortyapi.com/api/episode/43', 'https://rickandmortyapi.com/api/episode/44', 'https://rickandmortyapi.com/api/episode/45', 'https://rickandmortyapi.com/api/episode/46', 'https://rickandmortyapi.com/api/episode/47', 'https://rickandmortyapi.com/api/episode/48', 'https://rickandmortyapi.com/api/episode/49', 'https://rickandmortyapi.com/api/episode/50', 'https://rickandmortyapi.com/api/episode/51']"
2,Summer Smith,"['https://rickandmortyapi.com/api/episode/6', 'https://rickandmortyapi.com/api/episode/7', 'https://rickandmortyapi.com/api/episode/8', 'https://rickandmortyapi.com/api/episode/9', 'https://rickandmortyapi.com/api/episode/10', 'https://rickandmortyapi.com/api/episode/11', 'https://rickandmortyapi.com/api/episode/12', 'https://rickandmortyapi.com/api/episode/14', 'https://rickandmortyapi.com/api/episode/15', 'https://rickandmortyapi.com/api/episode/16', 'https://rickandmortyapi.com/api/episode/17', 'https://rickandmortyapi.com/api/episode/18', 'https://rickandmortyapi.com/api/episode/19', 'https://rickandmortyapi.com/api/episode/20', 'https://rickandmortyapi.com/api/episode/21', 'https://rickandmortyapi.com/api/episode/22', 'https://rickandmortyapi.com/api/episode/23', 'https://rickandmortyapi.com/api/episode/24', 'https://rickandmortyapi.com/api/episode/25', 'https://rickandmortyapi.com/api/episode/26', 'https://rickandmortyapi.com/api/episode/27', 'https://rickandmortyapi.com/api/episode/29', 'https://rickandmortyapi.com/api/episode/30', 'https://rickandmortyapi.com/api/episode/31', 'https://rickandmortyapi.com/api/episode/32', 'https://rickandmortyapi.com/api/episode/33', 'https://rickandmortyapi.com/api/episode/34', 'https://rickandmortyapi.com/api/episode/35', 'https://rickandmortyapi.com/api/episode/36', 'https://rickandmortyapi.com/api/episode/38', 'https://rickandmortyapi.com/api/episode/39', 'https://rickandmortyapi.com/api/episode/40', 'https://rickandmortyapi.com/api/episode/41', 'https://rickandmortyapi.com/api/episode/42', 'https://rickandmortyapi.com/api/episode/43', 'https://rickandmortyapi.com/api/episode/44', 'https://rickandmortyapi.com/api/episode/45', 'https://rickandmortyapi.com/api/episode/46', 'https://rickandmortyapi.com/api/episode/47', 'https://rickandmortyapi.com/api/episode/48', 'https://rickandmortyapi.com/api/episode/49', 'https://rickandmortyapi.com/api/episode/51']"
3,Beth Smith,"['https://rickandmortyapi.com/api/episode/6', 'https://rickandmortyapi.com/api/episode/7', 'https://rickandmortyapi.com/api/episode/8', 'https://rickandmortyapi.com/api/episode/9', 'https://rickandmortyapi.com/api/episode/10', 'https://rickandmortyapi.com/api/episode/11', 'https://rickandmortyapi.com/api/episode/12', 'https://rickandmortyapi.com/api/episode/14', 'https://rickandmortyapi.com/api/episode/15', 'https://rickandmortyapi.com/api/episode/16', 'https://rickandmortyapi.com/api/episode/18', 'https://rickandmortyapi.com/api/episode/19', 'https://rickandmortyapi.com/api/episode/20', 'https://rickandmortyapi.com/api/episode/21', 'https://rickandmortyapi.com/api/episode/22', 'https://rickandmortyapi.com/api/episode/23', 'https://rickandmortyapi.com/api/episode/24', 'https://rickandmortyapi.com/api/episode/25', 'https://rickandmortyapi.com/api/episode/26', 'https://rickandmortyapi.com/api/episode/27', 'https://rickandmortyapi.com/api/episode/28', 'https://rickandmortyapi.com/api/episode/29', 'https://rickandmortyapi.com/api/episode/30', 'https://rickandmortyapi.com/api/episode/31', 'https://rickandmortyapi.com/api/episode/32', 'https://rickandmortyapi.com/api/episode/33', 'https://rickandmortyapi.com/api/episode/34', 'https://rickandmortyapi.com/api/episode/35', 'https://rickandmortyapi.com/api/episode/36', 'https://rickandmortyapi.com/api/episode/38', 'https://rickandmortyapi.com/api/episode/39', 'https://rickandmortyapi.com/api/episode/40', 'https://rickandmortyapi.com/api/episode/41', 'https://rickandmortyapi.com/api/episode/42', 'https://rickandmortyapi.com/api/episode/43', 'https://rickandmortyapi.com/api/episode/44', 'https://rickandmortyapi.com/api/episode/45', 'https://rickandmortyapi.com/api/episode/46', 'https://rickandmortyapi.com/api/episode/47', 'https://rickandmortyapi.com/api/episode/48', 'https://rickandmortyapi.com/api/episode/49', 'https://rickandmortyapi.com/api/episode/51']"
4,Jerry Smith,"['https://rickandmortyapi.com/api/episode/6', 'https://rickandmortyapi.com/api/episode/7', 'https://rickandmortyapi.com/api/episode/8', 'https://rickandmortyapi.com/api/episode/9', 'https://rickandmortyapi.com/api/episode/10', 'https://rickandmortyapi.com/api/episode/11', 'https://rickandmortyapi.com/api/episode/12', 'https://rickandmortyapi.com/api/episode/13', 'https://rickandmortyapi.com/api/episode/14', 'https://rickandmortyapi.com/api/episode/15', 'https://rickandmortyapi.com/api/episode/16', 'https://rickandmortyapi.com/api/episode/18', 'https://rickandmortyapi.com/api/episode/19', 'https://rickandmortyapi.com/api/episode/20', 'https://rickandmortyapi.com/api/episode/21', 'https://rickandmortyapi.com/api/episode/22', 'https://rickandmortyapi.com/api/episode/23', 'https://rickandmortyapi.com/api/episode/26', 'https://rickandmortyapi.com/api/episode/29', 'https://rickandmortyapi.com/api/episode/30', 'https://rickandmortyapi.com/api/episode/31', 'https://rickandmortyapi.com/api/episode/32', 'https://rickandmortyapi.com/api/episode/33', 'https://rickandmortyapi.com/api/episode/35', 'https://rickandmortyapi.com/api/episode/36', 'https://rickandmortyapi.com/api/episode/38', 'https://rickandmortyapi.com/api/episode/39', 'https://rickandmortyapi.com/api/episode/40', 'https://rickandmortyapi.com/api/episode/41', 'https://rickandmortyapi.com/api/episode/42', 'https://rickandmortyapi.com/api/episode/43', 'https://rickandmortyapi.com/api/episode/44', 'https://rickandmortyapi.com/api/episode/45', 'https://rickandmortyapi.com/api/episode/46', 'https://rickandmortyapi.com/api/episode/47', 'https://rickandmortyapi.com/api/episode/48', 'https://rickandmortyapi.com/api/episode/49', 'https://rickandmortyapi.com/api/episode/50', 'https://rickandmortyapi.com/api/episode/51']"
5,Abadango Cluster Princess,['https://rickandmortyapi.com/api/episode/27']
6,Abradolf Lincler,"['https://rickandmortyapi.com/api/episode/10', 'https://rickandmortyapi.com/api/episode/11']"
7,Adjudicator Rick,['https://rickandmortyapi.com/api/episode/28']
8,Agency Director,['https://rickandmortyapi.com/api/episode/24']
9,Alan Rails,['https://rickandmortyapi.com/api/episode/25']
10,Albert Einstein,['https://rickandmortyapi.com/api/episode/12']
11,Alexander,['https://rickandmortyapi.com/api/episode/3']
12,Alien Googah,['https://rickandmortyapi.com/api/episode/31']
13,Alien Morty,['https://rickandmortyapi.com/api/episode/10']
14,Alien Rick,['https://rickandmortyapi.com/api/episode/10']
15,Amish Cyborg,['https://rickandmortyapi.com/api/episode/15']
16,Annie,['https://rickandmortyapi.com/api/episode/3']
17,Antenna Morty,"['https://rickandmortyapi.com/api/episode/10', 'https://rickandmortyapi.com/api/episode/28']"
18,Antenna Rick,['https://rickandmortyapi.com/api/episode/10']
19,Ants in my Eyes Johnson,['https://rickandmortyapi.com/api/episode/8']
20,Aqua Morty,"['https://rickandmortyapi.com/api/episode/10', 'https://rickandmortyapi.com/api/episode/22']"
21,Aqua Rick,"['https://rickandmortyapi.com/api/episode/10', 'https://rickandmortyapi.com/api/episode/22', 'https://rickandmortyapi.com/api/episode/28']"
22,Arcade Alien,"['https://rickandmortyapi.com/api/episode/13', 'https://rickandmortyapi.com/api/episode/19', 'https://rickandmortyapi.com/api/episode/21', 'https://rickandmortyapi.com/api/episode/25', 'https://rickandmortyapi.com/api/episode/26']"
23,Armagheadon,['https://rickandmortyapi.com/api/episode/16']
24,Armothy,['https://rickandmortyapi.com/api/episode/23']
25,Arthricia,['https://rickandmortyapi.com/api/episode/20']
26,Artist Morty,"['https://rickandmortyapi.com/api/episode/10', 'https://rickandmortyapi.com/api/episode/28']"
27,Attila Starwar,"['https://rickandmortyapi.com/api/episode/8', 'https://rickandmortyapi.com/api/episode/13', 'https://rickandmortyapi.com/api/episode/17']"
28,Baby Legs,['https://rickandmortyapi.com/api/episode/8']
29,Baby Poopybutthole,['https://rickandmortyapi.com/api/episode/31']
30,Baby Wizard,['https://rickandmortyapi.com/api/episode/15']
31,Bearded Lady,['https://rickandmortyapi.com/api/episode/15']
32,Beebo,['https://rickandmortyapi.com/api/episode/29']
33,Benjamin,"['https://rickandmortyapi.com/api/episode/8', 'https://rickandmortyapi.com/api/episode/13', 'https://rickandmortyapi.com/api/episode/17']"
34,Bepisian,"['https://rickandmortyapi.com/api/episode/1', 'https://rickandmortyapi.com/api/episode/11', 'https://rickandmortyapi.com/api/episode/19', 'https://rickandmortyapi.com/api/episode/25']"
35,Beta-Seven,['https://rickandmortyapi.com/api/episode/14']
36,Beth Sanchez,['https://rickandmortyapi.com/api/episode/8']
37,Beth Smith,"['https://rickandmortyapi.com/api/episode/1', 'https://rickandmortyapi.com/api/episode/2', 'https://rickandmortyapi.com/api/episode/3', 'https://rickandmortyapi.com/api/episode/4', 'https://rickandmortyapi.com/api/episode/5', 'https://rickandmortyapi.com/api/episode/6', 'https://rickandmortyapi.com/api/episode/22', 'https://rickandmortyapi.com/api/episode/51']"
38,Beth Smith,['https://rickandmortyapi.com/api/episode/10']
39,Beth's Mytholog,['https://rickandmortyapi.com/api/episode/18']
40,Big Boobed Waitress,['https://rickandmortyapi.com/api/episode/5']
41,Big Head Morty,['https://rickandmortyapi.com/api/episode/22']
42,Big Morty,['https://rickandmortyapi.com/api/episode/28']
43,Body Guard Morty,['https://rickandmortyapi.com/api/episode/28']
44,Bill,['https://rickandmortyapi.com/api/episode/3']
45,Bill,['https://rickandmortyapi.com/api/episode/2']
46,Birdperson,"['https://rickandmortyapi.com/api/episode/11', 'https://rickandmortyapi.com/api/episode/16', 'https://rickandmortyapi.com/api/episode/21', 'https://rickandmortyapi.com/api/episode/22', 'https://rickandmortyapi.com/api/episode/26', 'https://rickandmortyapi.com/api/episode/49', 'https://rickandmortyapi.com/api/episode/51']"
47,Black Rick,"['https://rickandmortyapi.com/api/episode/22', 'https://rickandmortyapi.com/api/episode/28']"
48,Blamph,['https://rickandmortyapi.com/api/episode/19']
49,Blim Blam,['https://rickandmortyapi.com/api/episode/14']
50,Blue Diplomat,['https://rickandmortyapi.com/api/episode/19']
51,Blue Footprint Guy,['https://rickandmortyapi.com/api/episode/23']
52,Blue Shirt Morty,['https://rickandmortyapi.com/api/episode/10']
53,Bobby Moynihan,['https://rickandmortyapi.com/api/episode/8']
54,Boobloosian,"['https://rickandmortyapi.com/api/episode/18', 'https://rickandmortyapi.com/api/episode/21']"
55,Bootleg Portal Chemist Rick,['https://rickandmortyapi.com/api/episode/28']
56,Borpocian,['https://rickandmortyapi.com/api/episode/22']
57,Brad,"['https://rickandmortyapi.com/api/episode/6', 'https://rickandmortyapi.com/api/episode/11', 'https://rickandmortyapi.com/api/episode/30', 'https://rickandmortyapi.com/api/episode/46']"
58,Brad Anderson,['https://rickandmortyapi.com/api/episode/7']
59,Calypso,['https://rickandmortyapi.com/api/episode/25']
60,Campaign Manager Morty,['https://rickandmortyapi.com/api/episode/28']
61,Canklanker Thom,['https://rickandmortyapi.com/api/episode/1']
62,Centaur,['https://rickandmortyapi.com/api/episode/2']
63,Chris,['https://rickandmortyapi.com/api/episode/12']
64,Chris,['https://rickandmortyapi.com/api/episode/17']
65,Coach Feratu (Balik Alistane),['https://rickandmortyapi.com/api/episode/18']
66,Collector,['https://rickandmortyapi.com/api/episode/29']
67,Colossus,['https://rickandmortyapi.com/api/episode/23']
68,Commander Rick,['https://rickandmortyapi.com/api/episode/22']
69,Concerto,['https://rickandmortyapi.com/api/episode/24']
70,Conroy,['https://rickandmortyapi.com/api/episode/22']
71,Cool Rick,['https://rickandmortyapi.com/api/episode/28']
72,Cop Morty,['https://rickandmortyapi.com/api/episode/28']
73,Cop Rick,['https://rickandmortyapi.com/api/episode/28']
74,Courier Flap,['https://rickandmortyapi.com/api/episode/21']
75,Cousin Nicky,['https://rickandmortyapi.com/api/episode/15']
76,Cowboy Morty,['https://rickandmortyapi.com/api/episode/10']
77,Cowboy Rick,"['https://rickandmortyapi.com/api/episode/10', 'https://rickandmortyapi.com/api/episode/28']"
78,Crab Spider,['https://rickandmortyapi.com/api/episode/10']
79,Creepy Little Girl,['https://rickandmortyapi.com/api/episode/2']
80,Crocubot,['https://rickandmortyapi.com/api/episode/25']
81,Cronenberg Rick,"['https://rickandmortyapi.com/api/episode/6', 'https://rickandmortyapi.com/api/episode/10']"
82,Cronenberg Morty,"['https://rickandmortyapi.com/api/episode/6', 'https://rickandmortyapi.com/api/episode/10']"
83,Cult Leader Morty,['https://rickandmortyapi.com/api/episode/10']
84,Cyclops Morty,"['https://rickandmortyapi.com/api/episode/10', 'https://rickandmortyapi.com/api/episode/28']"
85,Cyclops Rick,"['https://rickandmortyapi.com/api/episode/10', 'https://rickandmortyapi.com/api/episode/22', 'https://rickandmortyapi.com/api/episode/28']"
86,Cynthia,['https://rickandmortyapi.com/api/episode/4']
87,Cynthia,"['https://rickandmortyapi.com/api/episode/8', 'https://rickandmortyapi.com/api/episode/9', 'https://rickandmortyapi.com/api/episode/11', 'https://rickandmortyapi.com/api/episode/25']"
88,Dale,['https://rickandmortyapi.com/api/episode/5']
89,Daron Jefferson,['https://rickandmortyapi.com/api/episode/14']
90,David Letterman,['https://rickandmortyapi.com/api/episode/8']
91,Davin,"['https://rickandmortyapi.com/api/episode/1', 'https://rickandmortyapi.com/api/episode/6']"
92,Diablo Verde,['https://rickandmortyapi.com/api/episode/25']
93,Diane Sanchez,"['https://rickandmortyapi.com/api/episode/22', 'https://rickandmortyapi.com/api/episode/51']"
94,Dipper and Mabel Mortys,['https://rickandmortyapi.com/api/episode/22']
95,Tuberculosis,['https://rickandmortyapi.com/api/episode/3']
96,Gonorrhea,['https://rickandmortyapi.com/api/episode/3']
97,Hepatitis A,['https://rickandmortyapi.com/api/episode/3']
98,Hepatitis C,['https://rickandmortyapi.com/api/episode/3']
99,Bubonic Plague,['https://rickandmortyapi.com/api/episode/3']
100,E. Coli,['https://rickandmortyapi.com/api/episode/3']
101,Donna Gueterman,['https://rickandmortyapi.com/api/episode/21']
102,Doofus Rick,"['https://rickandmortyapi.com/api/episode/10', 'https://rickandmortyapi.com/api/episode/22']"
103,Doom-Nomitron,['https://rickandmortyapi.com/api/episode/25']
104,Dr. Glip-Glop,['https://rickandmortyapi.com/api/episode/19']
105,Dr. Schmidt,['https://rickandmortyapi.com/api/episode/13']
106,Dr. Wong,"['https://rickandmortyapi.com/api/episode/24', 'https://rickandmortyapi.com/api/episode/41']"
107,Dr. Xenon Bloom,['https://rickandmortyapi.com/api/episode/3']
108,Duck With Muscles,['https://rickandmortyapi.com/api/episode/15']
109,Eli,['https://rickandmortyapi.com/api/episode/23']
110,Eli's Girlfriend,['https://rickandmortyapi.com/api/episode/23']
111,Eric McMan,['https://rickandmortyapi.com/api/episode/3']
112,Eric Stoltz Mask Morty,['https://rickandmortyapi.com/api/episode/10']
113,Ethan,['https://rickandmortyapi.com/api/episode/3']
114,Ethan,"['https://rickandmortyapi.com/api/episode/16', 'https://rickandmortyapi.com/api/episode/26']"
115,Evil Beth Clone,['https://rickandmortyapi.com/api/episode/5']
116,Evil Jerry Clone,['https://rickandmortyapi.com/api/episode/5']
117,Evil Morty,"['https://rickandmortyapi.com/api/episode/10', 'https://rickandmortyapi.com/api/episode/28', 'https://rickandmortyapi.com/api/episode/51']"
118,Evil Rick,['https://rickandmortyapi.com/api/episode/10']
119,Evil Summer Clone,['https://rickandmortyapi.com/api/episode/5']
120,Eyehole Man,['https://rickandmortyapi.com/api/episode/19']
121,Fart,['https://rickandmortyapi.com/api/episode/13']
122,Fat Morty,['https://rickandmortyapi.com/api/episode/28']
123,Father Bob,"['https://rickandmortyapi.com/api/episode/16', 'https://rickandmortyapi.com/api/episode/27']"
124,Flansian,"['https://rickandmortyapi.com/api/episode/18', 'https://rickandmortyapi.com/api/episode/21', 'https://rickandmortyapi.com/api/episode/25']"
125,Fleeb,['https://rickandmortyapi.com/api/episode/19']
126,Frank Palicky,['https://rickandmortyapi.com/api/episode/1']
127,Frankenstein's Monster,['https://rickandmortyapi.com/api/episode/15']
128,Fulgora,"['https://rickandmortyapi.com/api/episode/8', 'https://rickandmortyapi.com/api/episode/13', 'https://rickandmortyapi.com/api/episode/17']"
129,Galactic Federation President,['https://rickandmortyapi.com/api/episode/21']
130,Gar Gloonch,"['https://rickandmortyapi.com/api/episode/13', 'https://rickandmortyapi.com/api/episode/18', 'https://rickandmortyapi.com/api/episode/21']"
131,Gar's Mytholog,['https://rickandmortyapi.com/api/episode/18']
132,Garblovian,"['https://rickandmortyapi.com/api/episode/13', 'https://rickandmortyapi.com/api/episode/19', 'https://rickandmortyapi.com/api/episode/21']"
133,Garmanarnar,['https://rickandmortyapi.com/api/episode/8']
134,Garment District Rick,['https://rickandmortyapi.com/api/episode/28']
135,Gazorpazorpfield,"['https://rickandmortyapi.com/api/episode/8', 'https://rickandmortyapi.com/api/episode/13']"
136,Gene,"['https://rickandmortyapi.com/api/episode/26', 'https://rickandmortyapi.com/api/episode/49']"
137,General Nathan,['https://rickandmortyapi.com/api/episode/16']
138,General Store Owner,['https://rickandmortyapi.com/api/episode/20']
139,Genital Washer,['https://rickandmortyapi.com/api/episode/23']
140,Ghost in a Jar,['https://rickandmortyapi.com/api/episode/15']
141,Gibble Snake,['https://rickandmortyapi.com/api/episode/26']
142,Glasses Morty,['https://rickandmortyapi.com/api/episode/28']
143,Glenn,['https://rickandmortyapi.com/api/episode/1']
144,Glenn,['https://rickandmortyapi.com/api/episode/8']
145,Glexo Slim Slom,['https://rickandmortyapi.com/api/episode/18']
146,Gobo,['https://rickandmortyapi.com/api/episode/29']
147,Goddess Beth,['https://rickandmortyapi.com/api/episode/18']
148,Gordon Lunas,['https://rickandmortyapi.com/api/episode/29']
149,Cornvelious Daniel,['https://rickandmortyapi.com/api/episode/22']
150,Gwendolyn,['https://rickandmortyapi.com/api/episode/7']
151,Hammerhead Morty,"['https://rickandmortyapi.com/api/episode/10', 'https://rickandmortyapi.com/api/episode/22']"
152,Hamster In Butt,"['https://rickandmortyapi.com/api/episode/8', 'https://rickandmortyapi.com/api/episode/19']"
153,Hamurai,['https://rickandmortyapi.com/api/episode/15']
154,Harold,['https://rickandmortyapi.com/api/episode/6']
155,Hemorrhage,['https://rickandmortyapi.com/api/episode/23']
156,Hole in the Wall Where the Men Can See it All,['https://rickandmortyapi.com/api/episode/8']
157,Hookah Alien,['https://rickandmortyapi.com/api/episode/1']
158,Hunter,['https://rickandmortyapi.com/api/episode/17']
159,Hunter's Father,['https://rickandmortyapi.com/api/episode/17']
160,Hydrogen-F,['https://rickandmortyapi.com/api/episode/16']
161,Ice-T,['https://rickandmortyapi.com/api/episode/16']
162,Ideal Jerry,['https://rickandmortyapi.com/api/episode/18']
163,Insurance Rick,['https://rickandmortyapi.com/api/episode/10']
164,Investigator Rick,['https://rickandmortyapi.com/api/episode/28']
165,Invisi-trooper,['https://rickandmortyapi.com/api/episode/31']
166,Izzy,['https://rickandmortyapi.com/api/episode/24']
167,Jackie,['https://rickandmortyapi.com/api/episode/7']
168,Jacob,"['https://rickandmortyapi.com/api/episode/3', 'https://rickandmortyapi.com/api/episode/15']"
169,Jacqueline,['https://rickandmortyapi.com/api/episode/27']
170,Jaguar,['https://rickandmortyapi.com/api/episode/24']
171,Jamey,['https://rickandmortyapi.com/api/episode/16']
172,Jan-Michael Vincent,['https://rickandmortyapi.com/api/episode/19']
173,Jerry 5-126,['https://rickandmortyapi.com/api/episode/13']
174,Jerry Smith,"['https://rickandmortyapi.com/api/episode/1', 'https://rickandmortyapi.com/api/episode/2', 'https://rickandmortyapi.com/api/episode/3', 'https://rickandmortyapi.com/api/episode/4', 'https://rickandmortyapi.com/api/episode/5', 'https://rickandmortyapi.com/api/episode/6', 'https://rickandmortyapi.com/api/episode/22']"
175,Celebrity Jerry,['https://rickandmortyapi.com/api/episode/8']
176,Jerry Smith,['https://rickandmortyapi.com/api/episode/10']
177,Jerry's Mytholog,['https://rickandmortyapi.com/api/episode/18']
178,Jessica,"['https://rickandmortyapi.com/api/episode/1', 'https://rickandmortyapi.com/api/episode/4', 'https://rickandmortyapi.com/api/episode/6']"
179,Jessica,"['https://rickandmortyapi.com/api/episode/11', 'https://rickandmortyapi.com/api/episode/13', 'https://rickandmortyapi.com/api/episode/17', 'https://rickandmortyapi.com/api/episode/18', 'https://rickandmortyapi.com/api/episode/26', 'https://rickandmortyapi.com/api/episode/27', 'https://rickandmortyapi.com/api/episode/28', 'https://rickandmortyapi.com/api/episode/29', 'https://rickandmortyapi.com/api/episode/30', 'https://rickandmortyapi.com/api/episode/32', 'https://rickandmortyapi.com/api/episode/39', 'https://rickandmortyapi.com/api/episode/42']"
180,Jessica's Friend,"['https://rickandmortyapi.com/api/episode/1', 'https://rickandmortyapi.com/api/episode/4', 'https://rickandmortyapi.com/api/episode/6', 'https://rickandmortyapi.com/api/episode/11', 'https://rickandmortyapi.com/api/episode/17', 'https://rickandmortyapi.com/api/episode/18', 'https://rickandmortyapi.com/api/episode/25', 'https://rickandmortyapi.com/api/episode/27']"
181,Jim,['https://rickandmortyapi.com/api/episode/16']
182,Johnny Depp,['https://rickandmortyapi.com/api/episode/8']
183,Jon,['https://rickandmortyapi.com/api/episode/8']
184,Joseph Eli Lipkip,['https://rickandmortyapi.com/api/episode/30']
185,Joyce Smith,['https://rickandmortyapi.com/api/episode/3']
186,Juggling Rick,['https://rickandmortyapi.com/api/episode/28']
187,Karen Entity,['https://rickandmortyapi.com/api/episode/14']
188,Katarina,['https://rickandmortyapi.com/api/episode/24']
189,Keara,['https://rickandmortyapi.com/api/episode/30']
190,Kevin,['https://rickandmortyapi.com/api/episode/4']
191,King Flippy Nips,['https://rickandmortyapi.com/api/episode/9']
192,King Jellybean,['https://rickandmortyapi.com/api/episode/5']
193,Kozbian,['https://rickandmortyapi.com/api/episode/21']
194,Kristen Stewart,['https://rickandmortyapi.com/api/episode/8']
195,Krombopulos Michael,['https://rickandmortyapi.com/api/episode/13']
196,Kyle,['https://rickandmortyapi.com/api/episode/17']
197,Lady Katana,['https://rickandmortyapi.com/api/episode/25']
198,Larva Alien,"['https://rickandmortyapi.com/api/episode/16', 'https://rickandmortyapi.com/api/episode/19', 'https://rickandmortyapi.com/api/episode/21']"
199,Lawyer Morty,['https://rickandmortyapi.com/api/episode/22']
200,Leonard Smith,['https://rickandmortyapi.com/api/episode/3']
201,Lighthouse Keeper,['https://rickandmortyapi.com/api/episode/20']
202,Lil B,"['https://rickandmortyapi.com/api/episode/21', 'https://rickandmortyapi.com/api/episode/48']"
203,Lisa,['https://rickandmortyapi.com/api/episode/26']
204,Little Dipper,['https://rickandmortyapi.com/api/episode/19']
205,Lizard Morty,['https://rickandmortyapi.com/api/episode/28']
206,Loggins,"['https://rickandmortyapi.com/api/episode/8', 'https://rickandmortyapi.com/api/episode/13', 'https://rickandmortyapi.com/api/episode/17']"
207,Logic,['https://rickandmortyapi.com/api/episode/25']
208,Long Sleeved Morty,['https://rickandmortyapi.com/api/episode/10']
209,Lucy,['https://rickandmortyapi.com/api/episode/11']
210,Ma-Sha,['https://rickandmortyapi.com/api/episode/7']
211,Magma-Q,['https://rickandmortyapi.com/api/episode/16']
212,Magnesium-J,['https://rickandmortyapi.com/api/episode/16']
213,Man Painted Silver Who Makes Robot Noises,['https://rickandmortyapi.com/api/episode/8']
214,Maximums Rickimus,"['https://rickandmortyapi.com/api/episode/10', 'https://rickandmortyapi.com/api/episode/22', 'https://rickandmortyapi.com/api/episode/51']"
215,MC Haps,"['https://rickandmortyapi.com/api/episode/6', 'https://rickandmortyapi.com/api/episode/11', 'https://rickandmortyapi.com/api/episode/25']"
216,Mechanical Morty,['https://rickandmortyapi.com/api/episode/23']
217,Mechanical Rick,['https://rickandmortyapi.com/api/episode/23']
218,Mechanical Summer,['https://rickandmortyapi.com/api/episode/23']
219,Mega Fruit Farmer Rick,['https://rickandmortyapi.com/api/episode/28']
220,Melissa,['https://rickandmortyapi.com/api/episode/2']
221,Michael Denny and the Denny Singers,['https://rickandmortyapi.com/api/episode/8']
222,Michael Jenkins,['https://rickandmortyapi.com/api/episode/19']
223,Michael McLick,['https://rickandmortyapi.com/api/episode/19']
224,Michael Thompson,['https://rickandmortyapi.com/api/episode/19']
225,Million Ants,['https://rickandmortyapi.com/api/episode/25']
226,Mitch,['https://rickandmortyapi.com/api/episode/27']
227,Mohawk Guy,['https://rickandmortyapi.com/api/episode/23']
228,Morty Mart Manager Morty,['https://rickandmortyapi.com/api/episode/28']
229,Morty Jr.,['https://rickandmortyapi.com/api/episode/7']
230,Morty Rick,['https://rickandmortyapi.com/api/episode/22']
231,Morty Smith,['https://rickandmortyapi.com/api/episode/10']
232,Morty K-22,['https://rickandmortyapi.com/api/episode/28']
233,Morty Smith,['https://rickandmortyapi.com/api/episode/6']
234,Mortytown Loco,['https://rickandmortyapi.com/api/episode/28']
235,Mr. Beauregard,['https://rickandmortyapi.com/api/episode/15']
236,Mr. Benson,['https://rickandmortyapi.com/api/episode/12']
237,Mr. Booby Buyer,['https://rickandmortyapi.com/api/episode/5']
238,Mr. Goldenfold,"['https://rickandmortyapi.com/api/episode/1', 'https://rickandmortyapi.com/api/episode/2', 'https://rickandmortyapi.com/api/episode/4', 'https://rickandmortyapi.com/api/episode/6']"
239,Mr. Goldenfold,"['https://rickandmortyapi.com/api/episode/9', 'https://rickandmortyapi.com/api/episode/16', 'https://rickandmortyapi.com/api/episode/17', 'https://rickandmortyapi.com/api/episode/18', 'https://rickandmortyapi.com/api/episode/21', 'https://rickandmortyapi.com/api/episode/22', 'https://rickandmortyapi.com/api/episode/24', 'https://rickandmortyapi.com/api/episode/27', 'https://rickandmortyapi.com/api/episode/30', 'https://rickandmortyapi.com/api/episode/39']"
240,Mr. Marklovitz,"['https://rickandmortyapi.com/api/episode/4', 'https://rickandmortyapi.com/api/episode/16']"
241,Mr. Meeseeks,"['https://rickandmortyapi.com/api/episode/5', 'https://rickandmortyapi.com/api/episode/10', 'https://rickandmortyapi.com/api/episode/13', 'https://rickandmortyapi.com/api/episode/29', 'https://rickandmortyapi.com/api/episode/32']"
242,Mr. Needful,['https://rickandmortyapi.com/api/episode/9']
243,Mr. Poopybutthole,"['https://rickandmortyapi.com/api/episode/15', 'https://rickandmortyapi.com/api/episode/21', 'https://rickandmortyapi.com/api/episode/29', 'https://rickandmortyapi.com/api/episode/30', 'https://rickandmortyapi.com/api/episode/31', 'https://rickandmortyapi.com/api/episode/34', 'https://rickandmortyapi.com/api/episode/51']"
244,Mrs. Lipkip,['https://rickandmortyapi.com/api/episode/30']
245,Mrs. Pancakes,"['https://rickandmortyapi.com/api/episode/2', 'https://rickandmortyapi.com/api/episode/27']"
246,Amy Poopybutthole,['https://rickandmortyapi.com/api/episode/31']
247,Mrs. Refrigerator,['https://rickandmortyapi.com/api/episode/15']
248,Mrs. Sanchez,"['https://rickandmortyapi.com/api/episode/1', 'https://rickandmortyapi.com/api/episode/6', 'https://rickandmortyapi.com/api/episode/14', 'https://rickandmortyapi.com/api/episode/30']"
249,Mrs. Sullivan,['https://rickandmortyapi.com/api/episode/8']
250,Nancy,"['https://rickandmortyapi.com/api/episode/6', 'https://rickandmortyapi.com/api/episode/9', 'https://rickandmortyapi.com/api/episode/11', 'https://rickandmortyapi.com/api/episode/25', 'https://rickandmortyapi.com/api/episode/29', 'https://rickandmortyapi.com/api/episode/36']"
251,Noob-Noob,['https://rickandmortyapi.com/api/episode/25']
252,Numbericon,['https://rickandmortyapi.com/api/episode/16']
253,Octopus Man,['https://rickandmortyapi.com/api/episode/19']
254,Orthodox Jew,['https://rickandmortyapi.com/api/episode/16']
255,Pat Gueterman,['https://rickandmortyapi.com/api/episode/21']
256,Paul Fleishman,['https://rickandmortyapi.com/api/episode/13']
257,Pawnshop Clerk,['https://rickandmortyapi.com/api/episode/7']
258,Pencilvester,['https://rickandmortyapi.com/api/episode/15']
259,Phillip Jacobs,['https://rickandmortyapi.com/api/episode/19']
260,Photography Cyborg,['https://rickandmortyapi.com/api/episode/21']
261,Photography Raptor,['https://rickandmortyapi.com/api/episode/15']
262,Pibbles Bodyguard,['https://rickandmortyapi.com/api/episode/19']
263,Pichael Thompson,['https://rickandmortyapi.com/api/episode/19']
264,Pickle Rick,['https://rickandmortyapi.com/api/episode/24']
265,Piece of Toast,"['https://rickandmortyapi.com/api/episode/8', 'https://rickandmortyapi.com/api/episode/17']"
266,Plumber Rick,['https://rickandmortyapi.com/api/episode/28']
267,Poncho,['https://rickandmortyapi.com/api/episode/3']
268,Presidentress of The Mega Gargantuans,['https://rickandmortyapi.com/api/episode/31']
269,Prince Nebulon,['https://rickandmortyapi.com/api/episode/4']
270,Principal Vagina,"['https://rickandmortyapi.com/api/episode/1', 'https://rickandmortyapi.com/api/episode/5', 'https://rickandmortyapi.com/api/episode/6']"
271,Principal Vagina,"['https://rickandmortyapi.com/api/episode/9', 'https://rickandmortyapi.com/api/episode/16', 'https://rickandmortyapi.com/api/episode/18', 'https://rickandmortyapi.com/api/episode/24', 'https://rickandmortyapi.com/api/episode/27', 'https://rickandmortyapi.com/api/episode/29']"
272,Purge Planet Ruler,['https://rickandmortyapi.com/api/episode/20']
273,Quantum Rick,"['https://rickandmortyapi.com/api/episode/10', 'https://rickandmortyapi.com/api/episode/22', 'https://rickandmortyapi.com/api/episode/51']"
274,Randy Dicknose,['https://rickandmortyapi.com/api/episode/19']
275,Rat Boss,['https://rickandmortyapi.com/api/episode/24']
276,Real Fake Doors Salesman,['https://rickandmortyapi.com/api/episode/8']
277,Regional Manager Rick,['https://rickandmortyapi.com/api/episode/28']
278,Regular Legs,['https://rickandmortyapi.com/api/episode/8']
279,Reverse Giraffe,['https://rickandmortyapi.com/api/episode/15']
280,Reverse Rick Outrage,['https://rickandmortyapi.com/api/episode/28']
281,Revolio Clockberg Jr.,"['https://rickandmortyapi.com/api/episode/11', 'https://rickandmortyapi.com/api/episode/13', 'https://rickandmortyapi.com/api/episode/25']"
282,Rick D. Sanchez III,['https://rickandmortyapi.com/api/episode/28']
283,Rick Guilt Rick,['https://rickandmortyapi.com/api/episode/28']
284,Rick Prime,"['https://rickandmortyapi.com/api/episode/22', 'https://rickandmortyapi.com/api/episode/51']"
285,Rick D-99,['https://rickandmortyapi.com/api/episode/22']
286,Rick D716,['https://rickandmortyapi.com/api/episode/28']
287,Rick D716-B,['https://rickandmortyapi.com/api/episode/28']
288,Rick D716-C,['https://rickandmortyapi.com/api/episode/28']
289,Rick Sanchez,['https://rickandmortyapi.com/api/episode/10']
290,Rick J-22,['https://rickandmortyapi.com/api/episode/28']
291,Rick K-22,['https://rickandmortyapi.com/api/episode/28']
292,Rick Sanchez,['https://rickandmortyapi.com/api/episode/6']
293,Ricktiminus Sancheziminius,"['https://rickandmortyapi.com/api/episode/10', 'https://rickandmortyapi.com/api/episode/22', 'https://rickandmortyapi.com/api/episode/51']"
294,Riq IV,"['https://rickandmortyapi.com/api/episode/10', 'https://rickandmortyapi.com/api/episode/11', 'https://rickandmortyapi.com/api/episode/22']"
295,Risotto Groupon,['https://rickandmortyapi.com/api/episode/26']
296,Risotto's Tentacled Henchman,['https://rickandmortyapi.com/api/episode/26']
297,Robot Morty,['https://rickandmortyapi.com/api/episode/10']
298,Robot Rick,['https://rickandmortyapi.com/api/episode/10']
299,Roger,['https://rickandmortyapi.com/api/episode/3']
300,Ron Benson,['https://rickandmortyapi.com/api/episode/14']
301,Ruben,['https://rickandmortyapi.com/api/episode/3']
302,Samantha,['https://rickandmortyapi.com/api/episode/5']
303,Scary Brandon,['https://rickandmortyapi.com/api/episode/2']
304,Scary Glenn,['https://rickandmortyapi.com/api/episode/2']
305,Scary Terry,['https://rickandmortyapi.com/api/episode/2']
306,Scroopy Noopers,['https://rickandmortyapi.com/api/episode/9']
307,Scropon,"['https://rickandmortyapi.com/api/episode/11', 'https://rickandmortyapi.com/api/episode/21']"
308,Scrotian,"['https://rickandmortyapi.com/api/episode/13', 'https://rickandmortyapi.com/api/episode/16', 'https://rickandmortyapi.com/api/episode/21', 'https://rickandmortyapi.com/api/episode/25']"
309,Self-Congratulatory Jerry,['https://rickandmortyapi.com/api/episode/18']
310,Shimshamian,"['https://rickandmortyapi.com/api/episode/13', 'https://rickandmortyapi.com/api/episode/21', 'https://rickandmortyapi.com/api/episode/25']"
311,Shlaammi,['https://rickandmortyapi.com/api/episode/19']
312,Shleemypants,"['https://rickandmortyapi.com/api/episode/12', 'https://rickandmortyapi.com/api/episode/36']"
313,Shmlamantha Shmlicelli,['https://rickandmortyapi.com/api/episode/8']
314,Shmlangela Shmlobinson-Shmlower,['https://rickandmortyapi.com/api/episode/8']
315,Shmlona Shmlobinson,['https://rickandmortyapi.com/api/episode/8']
316,Shmlonathan Shmlower,['https://rickandmortyapi.com/api/episode/8']
317,Shmlony Shmlicelli,['https://rickandmortyapi.com/api/episode/8']
318,Shmooglite Runner,['https://rickandmortyapi.com/api/episode/26']
319,Shnoopy Bloopers,['https://rickandmortyapi.com/api/episode/26']
320,Shrimply Pibbles,['https://rickandmortyapi.com/api/episode/19']
321,Simple Rick,['https://rickandmortyapi.com/api/episode/28']
322,Slaveowner,['https://rickandmortyapi.com/api/episode/23']
323,Sleepy Gary,['https://rickandmortyapi.com/api/episode/15']
324,Slick Morty,['https://rickandmortyapi.com/api/episode/28']
325,Slippery Stair,"['https://rickandmortyapi.com/api/episode/5', 'https://rickandmortyapi.com/api/episode/11']"
326,Slow Mobius,['https://rickandmortyapi.com/api/episode/11']
327,Slow Rick,['https://rickandmortyapi.com/api/episode/28']
328,Snuffles (Snowball),"['https://rickandmortyapi.com/api/episode/2', 'https://rickandmortyapi.com/api/episode/7', 'https://rickandmortyapi.com/api/episode/10', 'https://rickandmortyapi.com/api/episode/15', 'https://rickandmortyapi.com/api/episode/16', 'https://rickandmortyapi.com/api/episode/24', 'https://rickandmortyapi.com/api/episode/29', 'https://rickandmortyapi.com/api/episode/30']"
329,Solicitor Rick,"['https://rickandmortyapi.com/api/episode/10', 'https://rickandmortyapi.com/api/episode/22']"
330,Squanchy,"['https://rickandmortyapi.com/api/episode/11', 'https://rickandmortyapi.com/api/episode/16', 'https://rickandmortyapi.com/api/episode/21']"
331,Stacy,['https://rickandmortyapi.com/api/episode/27']
332,Stair Goblin,"['https://rickandmortyapi.com/api/episode/5', 'https://rickandmortyapi.com/api/episode/11', 'https://rickandmortyapi.com/api/episode/25']"
333,Stealy,['https://rickandmortyapi.com/api/episode/19']
334,Steve,['https://rickandmortyapi.com/api/episode/31']
335,Steven Phillips,['https://rickandmortyapi.com/api/episode/14']
336,Stu,['https://rickandmortyapi.com/api/episode/4']
337,Summer Smith,"['https://rickandmortyapi.com/api/episode/1', 'https://rickandmortyapi.com/api/episode/2', 'https://rickandmortyapi.com/api/episode/3', 'https://rickandmortyapi.com/api/episode/4', 'https://rickandmortyapi.com/api/episode/5', 'https://rickandmortyapi.com/api/episode/6', 'https://rickandmortyapi.com/api/episode/22']"
338,Summer Smith,['https://rickandmortyapi.com/api/episode/10']
339,Supernova,['https://rickandmortyapi.com/api/episode/25']
340,Taddy Mason,['https://rickandmortyapi.com/api/episode/20']
341,Taint Washer,['https://rickandmortyapi.com/api/episode/23']
342,Tammy Guetermann,"['https://rickandmortyapi.com/api/episode/5', 'https://rickandmortyapi.com/api/episode/6']"
343,Tammy Guetermann,"['https://rickandmortyapi.com/api/episode/11', 'https://rickandmortyapi.com/api/episode/16', 'https://rickandmortyapi.com/api/episode/21', 'https://rickandmortyapi.com/api/episode/22', 'https://rickandmortyapi.com/api/episode/41']"
344,Teacher Rick,['https://rickandmortyapi.com/api/episode/28']
345,Terry,['https://rickandmortyapi.com/api/episode/16']
346,President Curtis,"['https://rickandmortyapi.com/api/episode/16', 'https://rickandmortyapi.com/api/episode/31', 'https://rickandmortyapi.com/api/episode/43', 'https://rickandmortyapi.com/api/episode/45', 'https://rickandmortyapi.com/api/episode/47']"
347,The President of the Miniverse,['https://rickandmortyapi.com/api/episode/17']
348,The Scientist Formerly Known as Rick,['https://rickandmortyapi.com/api/episode/10']
349,Thomas Lipkip,['https://rickandmortyapi.com/api/episode/30']
350,Three Unknown Things,['https://rickandmortyapi.com/api/episode/8']
351,Tinkles,['https://rickandmortyapi.com/api/episode/15']
352,Tiny Rick,['https://rickandmortyapi.com/api/episode/18']
353,Toby Matthews,['https://rickandmortyapi.com/api/episode/18']
354,Todd Crystal,['https://rickandmortyapi.com/api/episode/14']
355,Tom Randolph,['https://rickandmortyapi.com/api/episode/3']
356,Tommy's Clone,['https://rickandmortyapi.com/api/episode/30']
357,Tophat Jones,"['https://rickandmortyapi.com/api/episode/8', 'https://rickandmortyapi.com/api/episode/18', 'https://rickandmortyapi.com/api/episode/21']"
358,Tortured Morty,['https://rickandmortyapi.com/api/episode/10']
359,Toxic Morty,['https://rickandmortyapi.com/api/episode/27']
360,Toxic Rick,['https://rickandmortyapi.com/api/episode/27']
361,Traflorkian,"['https://rickandmortyapi.com/api/episode/11', 'https://rickandmortyapi.com/api/episode/13', 'https://rickandmortyapi.com/api/episode/19', 'https://rickandmortyapi.com/api/episode/21', 'https://rickandmortyapi.com/api/episode/25']"
362,Trandor,['https://rickandmortyapi.com/api/episode/30']
363,Tree Person,['https://rickandmortyapi.com/api/episode/17']
364,Tricia Lange,"['https://rickandmortyapi.com/api/episode/26', 'https://rickandmortyapi.com/api/episode/27', 'https://rickandmortyapi.com/api/episode/36', 'https://rickandmortyapi.com/api/episode/38', 'https://rickandmortyapi.com/api/episode/46']"
365,Trunk Morty,['https://rickandmortyapi.com/api/episode/28']
366,Trunk Man,"['https://rickandmortyapi.com/api/episode/8', 'https://rickandmortyapi.com/api/episode/28']"
367,Truth Tortoise,['https://rickandmortyapi.com/api/episode/29']
368,Tusked Assassin,['https://rickandmortyapi.com/api/episode/26']
369,Two Guys with Handlebar Mustaches,['https://rickandmortyapi.com/api/episode/8']
370,Tumblorkian,['https://rickandmortyapi.com/api/episode/19']
371,Unity,['https://rickandmortyapi.com/api/episode/14']
372,Unmuscular Michael,['https://rickandmortyapi.com/api/episode/8']
373,Vampire Master,['https://rickandmortyapi.com/api/episode/18']
374,Vance Maximus,['https://rickandmortyapi.com/api/episode/25']
375,Veronica Ann Bennet,['https://rickandmortyapi.com/api/episode/7']
376,Voltematron,['https://rickandmortyapi.com/api/episode/29']
377,Wall Crawling Rick,['https://rickandmortyapi.com/api/episode/22']
378,Wedding Bartender,['https://rickandmortyapi.com/api/episode/21']
379,Unknown Rick,"['https://rickandmortyapi.com/api/episode/22', 'https://rickandmortyapi.com/api/episode/51']"
380,Woman Rick,['https://rickandmortyapi.com/api/episode/10']
381,Worldender,['https://rickandmortyapi.com/api/episode/25']
382,Yaarb,['https://rickandmortyapi.com/api/episode/19']
383,Yellow Headed Doctor,['https://rickandmortyapi.com/api/episode/19']
384,Yellow Shirt Rick,['https://rickandmortyapi.com/api/episode/22']
385,Zarbadar Gloonch,"['https://rickandmortyapi.com/api/episode/13', 'https://rickandmortyapi.com/api/episode/18']"
386,Zarbadar's Mytholog,['https://rickandmortyapi.com/api/episode/18']
387,Zeep Xanflorp,['https://rickandmortyapi.com/api/episode/17']
388,Zeta Alpha Rick,"['https://rickandmortyapi.com/api/episode/10', 'https://rickandmortyapi.com/api/episode/11', 'https://rickandmortyapi.com/api/episode/22', 'https://rickandmortyapi.com/api/episode/51']"
389,Zick Zack,['https://rickandmortyapi.com/api/episode/29']
390,Uncle Steve,['https://rickandmortyapi.com/api/episode/15']
391,Bearded Morty,"['https://rickandmortyapi.com/api/episode/28', 'https://rickandmortyapi.com/api/episode/51']"
392,Roy,['https://rickandmortyapi.com/api/episode/13']
393,Davin,"['https://rickandmortyapi.com/api/episode/1', 'https://rickandmortyapi.com/api/episode/6']"
394,Greebybobe,"['https://rickandmortyapi.com/api/episode/1', 'https://rickandmortyapi.com/api/episode/11', 'https://rickandmortyapi.com/api/episode/16', 'https://rickandmortyapi.com/api/episode/25']"
395,Scary Teacher,['https://rickandmortyapi.com/api/episode/2']
396,Fido,['https://rickandmortyapi.com/api/episode/2']
397,Accountant dog,['https://rickandmortyapi.com/api/episode/2']
398,Tiny-persons advocacy group lawyer,['https://rickandmortyapi.com/api/episode/5']
399,Giant Judge,['https://rickandmortyapi.com/api/episode/5']
400,Morty Jr's interviewer,['https://rickandmortyapi.com/api/episode/7']
401,Guy from The Bachelor,['https://rickandmortyapi.com/api/episode/8']
402,Corn detective,['https://rickandmortyapi.com/api/episode/8']
403,Michael Jackson,['https://rickandmortyapi.com/api/episode/8']
404,Trunkphobic suspenders guy,"['https://rickandmortyapi.com/api/episode/2', 'https://rickandmortyapi.com/api/episode/8', 'https://rickandmortyapi.com/api/episode/10', 'https://rickandmortyapi.com/api/episode/11']"
405,Spiderweb teddy bear,['https://rickandmortyapi.com/api/episode/8']
406,Regular Tyrion Lannister,['https://rickandmortyapi.com/api/episode/8']
407,Quick Mystery Presenter,['https://rickandmortyapi.com/api/episode/8']
408,Mr. Sneezy,['https://rickandmortyapi.com/api/episode/8']
409,Two Brothers,['https://rickandmortyapi.com/api/episode/8']
410,Alien Mexican Armada,['https://rickandmortyapi.com/api/episode/8']
411,Giant Cat Monster,['https://rickandmortyapi.com/api/episode/8']
412,Old Women,['https://rickandmortyapi.com/api/episode/8']
413,Trunkphobic guy,['https://rickandmortyapi.com/api/episode/8']
414,Pro trunk people marriage guy,['https://rickandmortyapi.com/api/episode/8']
415,Muscular Mannie,['https://rickandmortyapi.com/api/episode/8']
416,Baby Legs Chief,['https://rickandmortyapi.com/api/episode/8']
417,Mrs. Sullivan's Boyfriend,['https://rickandmortyapi.com/api/episode/8']
418,Plutonian Hostess,['https://rickandmortyapi.com/api/episode/9']
419,Plutonian Host,['https://rickandmortyapi.com/api/episode/9']
420,Rich Plutonian,['https://rickandmortyapi.com/api/episode/9']
421,Rich Plutonian,['https://rickandmortyapi.com/api/episode/9']
422,Synthetic Laser Eels,['https://rickandmortyapi.com/api/episode/11']
423,Pizza-person,['https://rickandmortyapi.com/api/episode/10']
424,Pizza-person,['https://rickandmortyapi.com/api/episode/10']
425,Greasy Grandma,['https://rickandmortyapi.com/api/episode/10']
426,Phone-person,['https://rickandmortyapi.com/api/episode/10']
427,Phone-person,['https://rickandmortyapi.com/api/episode/10']
428,Chair-person,['https://rickandmortyapi.com/api/episode/10']
429,Chair-person,['https://rickandmortyapi.com/api/episode/10']
430,Chair-homeless,['https://rickandmortyapi.com/api/episode/10']
431,Chair-waiter,['https://rickandmortyapi.com/api/episode/10']
432,Doopidoo,['https://rickandmortyapi.com/api/episode/10']
433,Super Weird Rick,['https://rickandmortyapi.com/api/episode/10']
434,Pripudlian,"['https://rickandmortyapi.com/api/episode/1', 'https://rickandmortyapi.com/api/episode/11', 'https://rickandmortyapi.com/api/episode/19', 'https://rickandmortyapi.com/api/episode/25']"
435,Giant Testicle Monster,"['https://rickandmortyapi.com/api/episode/11', 'https://rickandmortyapi.com/api/episode/13']"
436,Michael,['https://rickandmortyapi.com/api/episode/12']
437,Michael's Lawyer,['https://rickandmortyapi.com/api/episode/12']
438,Veterinary,['https://rickandmortyapi.com/api/episode/12']
439,Veterinary Nurse,['https://rickandmortyapi.com/api/episode/12']
440,Bearded Jerry,['https://rickandmortyapi.com/api/episode/13']
441,Shaved Head Jerry,['https://rickandmortyapi.com/api/episode/13']
442,Tank Top Jerry,['https://rickandmortyapi.com/api/episode/13']
443,Pink Polo Shirt Jerry,['https://rickandmortyapi.com/api/episode/13']
444,Jerryboree Keeper,['https://rickandmortyapi.com/api/episode/13']
445,Jerryboree Receptionist,['https://rickandmortyapi.com/api/episode/13']
446,Anchor Gear,['https://rickandmortyapi.com/api/episode/13']
447,Gear Cop,['https://rickandmortyapi.com/api/episode/13']
448,Roy's Mum,['https://rickandmortyapi.com/api/episode/13']
449,Roy's Wife,['https://rickandmortyapi.com/api/episode/13']
450,Roy's Son,['https://rickandmortyapi.com/api/episode/13']
451,Simon,['https://rickandmortyapi.com/api/episode/16']
452,Vampire Master's Assistant,['https://rickandmortyapi.com/api/episode/18']
453,Arbolian Mentirososian,"['https://rickandmortyapi.com/api/episode/16', 'https://rickandmortyapi.com/api/episode/19', 'https://rickandmortyapi.com/api/episode/21']"
454,St. Gloopy Noops Nurse,['https://rickandmortyapi.com/api/episode/19']
455,Nano Doctor,['https://rickandmortyapi.com/api/episode/19']
456,Funny Songs Presenter,['https://rickandmortyapi.com/api/episode/19']
457,Tax Attorney,['https://rickandmortyapi.com/api/episode/19']
458,Butthole Ice Cream Guy,['https://rickandmortyapi.com/api/episode/19']
459,Traflorkian Journalist,['https://rickandmortyapi.com/api/episode/19']
460,Communication's Responsible Rick,['https://rickandmortyapi.com/api/episode/22']
461,Teleportation's Responsible Rick,['https://rickandmortyapi.com/api/episode/22']
462,SEAL Team Rick,['https://rickandmortyapi.com/api/episode/22']
463,SEAL Team Rick,['https://rickandmortyapi.com/api/episode/22']
464,SEAL Team Rick,['https://rickandmortyapi.com/api/episode/22']
465,SEAL Team Rick,['https://rickandmortyapi.com/api/episode/22']
466,Morphizer-XE Customer Support,['https://rickandmortyapi.com/api/episode/26']
467,Morphizer-XE Customer Support,['https://rickandmortyapi.com/api/episode/26']
468,Morphizer-XE Customer Support,['https://rickandmortyapi.com/api/episode/26']
469,Alien Spa Employee,['https://rickandmortyapi.com/api/episode/27']
470,Little Voltron,['https://rickandmortyapi.com/api/episode/27']
471,Baby Rick,['https://rickandmortyapi.com/api/episode/28']
472,Bartender Morty,['https://rickandmortyapi.com/api/episode/28']
473,Dancer Cowboy Morty,['https://rickandmortyapi.com/api/episode/28']
474,Dancer Morty,['https://rickandmortyapi.com/api/episode/28']
475,Flower Morty,['https://rickandmortyapi.com/api/episode/28']
476,Hairdresser Rick,['https://rickandmortyapi.com/api/episode/28']
477,Journalist Rick,['https://rickandmortyapi.com/api/episode/28']
478,Private Sector Rick,['https://rickandmortyapi.com/api/episode/28']
479,Purple Morty,['https://rickandmortyapi.com/api/episode/28']
480,Retired General Rick,['https://rickandmortyapi.com/api/episode/28']
481,Secret Service Rick,['https://rickandmortyapi.com/api/episode/28']
482,Steve Jobs Rick,['https://rickandmortyapi.com/api/episode/28']
483,Sheik Rick,['https://rickandmortyapi.com/api/episode/28']
484,Modern Rick,['https://rickandmortyapi.com/api/episode/28']
485,Tan Rick,['https://rickandmortyapi.com/api/episode/28']
486,Visor Rick,['https://rickandmortyapi.com/api/episode/28']
487,Colonial Rick,['https://rickandmortyapi.com/api/episode/28']
488,P-Coat Rick,['https://rickandmortyapi.com/api/episode/28']
489,Chang,['https://rickandmortyapi.com/api/episode/29']
490,Dr. Eleanor Arroway,['https://rickandmortyapi.com/api/episode/29']
491,Varrix,['https://rickandmortyapi.com/api/episode/30']
492,Secretary of the Interior,['https://rickandmortyapi.com/api/episode/31']
493,Crystal Poacher,['https://rickandmortyapi.com/api/episode/32']
494,Crystal Poacher,['https://rickandmortyapi.com/api/episode/32']
495,Crystal Poacher,['https://rickandmortyapi.com/api/episode/32']
496,Hologram Rick,['https://rickandmortyapi.com/api/episode/32']
497,Fascist Rick,['https://rickandmortyapi.com/api/episode/32']
498,Fascist Morty,['https://rickandmortyapi.com/api/episode/32']
499,Fascist Mr. President,['https://rickandmortyapi.com/api/episode/32']
500,Fascist Ricks Clone,['https://rickandmortyapi.com/api/episode/32']
501,Revolio Clockberg Jr.,['https://rickandmortyapi.com/api/episode/32']
502,Fascist Shrimp Rick,['https://rickandmortyapi.com/api/episode/32']
503,Fascist Shrimp Ricks Clone,['https://rickandmortyapi.com/api/episode/32']
504,Fascist Shrimp Morty,['https://rickandmortyapi.com/api/episode/32']
505,Fascist Shrimp SS,['https://rickandmortyapi.com/api/episode/32']
506,Fascist Teddy Bear Rick,['https://rickandmortyapi.com/api/episode/32']
507,Fascist Teddy Bear Ricks Clone,['https://rickandmortyapi.com/api/episode/32']
508,Bully,['https://rickandmortyapi.com/api/episode/32']
509,Anchorman,['https://rickandmortyapi.com/api/episode/32']
510,Anchorwoman,['https://rickandmortyapi.com/api/episode/32']
511,Mortys Lawyer,['https://rickandmortyapi.com/api/episode/32']
512,Judge,['https://rickandmortyapi.com/api/episode/32']
513,Public Opinion Judge,['https://rickandmortyapi.com/api/episode/32']
514,Caterpillar Mr. Goldenfold,['https://rickandmortyapi.com/api/episode/32']
515,Wasp Rick,['https://rickandmortyapi.com/api/episode/32']
516,Wasp Ricks Clone,['https://rickandmortyapi.com/api/episode/32']
517,Wasp Morty,['https://rickandmortyapi.com/api/episode/32']
518,Wasp Summer,['https://rickandmortyapi.com/api/episode/32']
519,Wasp Jerry,['https://rickandmortyapi.com/api/episode/32']
520,Wasp Beth,['https://rickandmortyapi.com/api/episode/32']
521,Caterpillar Mr. Goldenfolds Larvae,['https://rickandmortyapi.com/api/episode/32']
522,Boglin,['https://rickandmortyapi.com/api/episode/32']
523,Kirkland Brand Mr. Meeseeks,['https://rickandmortyapi.com/api/episode/32']
524,Glootie,['https://rickandmortyapi.com/api/episode/33']
525,Danny Publitz,['https://rickandmortyapi.com/api/episode/33']
526,Mothership Intern,['https://rickandmortyapi.com/api/episode/33']
527,Monogatron Leader,['https://rickandmortyapi.com/api/episode/33']
528,Lizard,['https://rickandmortyapi.com/api/episode/33']
529,Deliverance,['https://rickandmortyapi.com/api/episode/33']
530,Tony,['https://rickandmortyapi.com/api/episode/33']
531,Tonys Wife,['https://rickandmortyapi.com/api/episode/33']
532,Monogatron Queen,['https://rickandmortyapi.com/api/episode/33']
533,Tony's Dad,['https://rickandmortyapi.com/api/episode/33']
534,Jeff,['https://rickandmortyapi.com/api/episode/33']
535,Josiah,['https://rickandmortyapi.com/api/episode/33']
536,Maggie,['https://rickandmortyapi.com/api/episode/33']
537,Priest Witherspoon,['https://rickandmortyapi.com/api/episode/33']
538,Richard,['https://rickandmortyapi.com/api/episode/33']
539,Running Bird,['https://rickandmortyapi.com/api/episode/33']
540,Secretary at Tony's,['https://rickandmortyapi.com/api/episode/33']
541,Mountain Sweat Jerry,['https://rickandmortyapi.com/api/episode/33']
542,Vermigurber,['https://rickandmortyapi.com/api/episode/33']
543,Miles Knightly,['https://rickandmortyapi.com/api/episode/34']
544,Heist-Con Receptionist,['https://rickandmortyapi.com/api/episode/34']
545,Angie Flint,['https://rickandmortyapi.com/api/episode/34']
546,Glar,['https://rickandmortyapi.com/api/episode/34']
547,Truckula,['https://rickandmortyapi.com/api/episode/34']
548,Snake Arms,['https://rickandmortyapi.com/api/episode/34']
549,Double Microwawe,['https://rickandmortyapi.com/api/episode/34']
550,Monitor Lord,['https://rickandmortyapi.com/api/episode/34']
551,Key Catcher,['https://rickandmortyapi.com/api/episode/34']
552,The Shapeshiftress,['https://rickandmortyapi.com/api/episode/34']
553,Heistotron,['https://rickandmortyapi.com/api/episode/34']
554,Randotron,['https://rickandmortyapi.com/api/episode/34']
555,Hephaestus,['https://rickandmortyapi.com/api/episode/34']
556,Ventriloquiver,['https://rickandmortyapi.com/api/episode/34']
557,Elon Tusk,['https://rickandmortyapi.com/api/episode/34']
558,Gramuflackian Anchorman,['https://rickandmortyapi.com/api/episode/34']
559,Gramuflackian General,['https://rickandmortyapi.com/api/episode/34']
560,Netflix Executive,['https://rickandmortyapi.com/api/episode/34']
561,Balthromaw,['https://rickandmortyapi.com/api/episode/35']
562,The Wizard,['https://rickandmortyapi.com/api/episode/35']
563,Talking Cat,['https://rickandmortyapi.com/api/episode/35']
564,Debrah,['https://rickandmortyapi.com/api/episode/35']
565,Debrahs Partner,['https://rickandmortyapi.com/api/episode/35']
566,Michael,['https://rickandmortyapi.com/api/episode/35']
567,Slut Dragon,['https://rickandmortyapi.com/api/episode/35']
568,Shadow Jacker,['https://rickandmortyapi.com/api/episode/35']
569,Chachi,['https://rickandmortyapi.com/api/episode/35']
570,Slippy,['https://rickandmortyapi.com/api/episode/36']
571,Robot Snake,['https://rickandmortyapi.com/api/episode/36']
572,Snake Hitler,['https://rickandmortyapi.com/api/episode/36']
573,Snake Lincoln,['https://rickandmortyapi.com/api/episode/36']
574,Snake Resistance Robot,['https://rickandmortyapi.com/api/episode/36']
575,Snake Linguist,['https://rickandmortyapi.com/api/episode/36']
576,Snake Terminator,['https://rickandmortyapi.com/api/episode/36']
577,Snake Soldier,['https://rickandmortyapi.com/api/episode/36']
578,Snake with Legs,['https://rickandmortyapi.com/api/episode/36']
579,Secret Service Snake,['https://rickandmortyapi.com/api/episode/36']
580,Anchosnake,['https://rickandmortyapi.com/api/episode/36']
581,Anchosnake,['https://rickandmortyapi.com/api/episode/36']
582,80's snake,['https://rickandmortyapi.com/api/episode/36']
583,Bar Customer,['https://rickandmortyapi.com/api/episode/36']
584,Bartender,['https://rickandmortyapi.com/api/episode/36']
585,PC Basketball Player,['https://rickandmortyapi.com/api/episode/36']
586,Cavesnake,['https://rickandmortyapi.com/api/episode/36']
587,Pet Shop Employee,['https://rickandmortyapi.com/api/episode/36']
588,Snake Reporter,['https://rickandmortyapi.com/api/episode/36']
589,High Pilot,['https://rickandmortyapi.com/api/episode/36']
590,High Pilot,['https://rickandmortyapi.com/api/episode/36']
591,Phoenixperson,"['https://rickandmortyapi.com/api/episode/22', 'https://rickandmortyapi.com/api/episode/41', 'https://rickandmortyapi.com/api/episode/49']"
592,Tickets Please Guy,['https://rickandmortyapi.com/api/episode/37']
593,Floaty Bloody Man,['https://rickandmortyapi.com/api/episode/37']
594,Floaty Non-Gasm Brotherhood Member,['https://rickandmortyapi.com/api/episode/37']
595,Floaty Non-Gasm Brotherhood Member Friend,['https://rickandmortyapi.com/api/episode/37']
596,Abradolf Lincler,['https://rickandmortyapi.com/api/episode/37']
597,Biblesaurus,['https://rickandmortyapi.com/api/episode/37']
598,Birdperson,['https://rickandmortyapi.com/api/episode/37']
599,Cats Fan,['https://rickandmortyapi.com/api/episode/37']
600,Christmas Storyteller,['https://rickandmortyapi.com/api/episode/37']
601,Cookies Guy,['https://rickandmortyapi.com/api/episode/37']
602,Crossy,['https://rickandmortyapi.com/api/episode/37']
603,Female Scorpion,['https://rickandmortyapi.com/api/episode/37']
604,Floaty Bloody Mans Daughter,['https://rickandmortyapi.com/api/episode/37']
605,Goomby,['https://rickandmortyapi.com/api/episode/37']
606,Hairspray Fan,['https://rickandmortyapi.com/api/episode/37']
607,Jesus Christ,['https://rickandmortyapi.com/api/episode/37']
608,Josh,['https://rickandmortyapi.com/api/episode/37']
609,Josh's Sister,['https://rickandmortyapi.com/api/episode/37']
610,Leah,['https://rickandmortyapi.com/api/episode/37']
611,Marcus,['https://rickandmortyapi.com/api/episode/37']
612,Mike Johnson,['https://rickandmortyapi.com/api/episode/37']
613,Mr. Celery & Friends,['https://rickandmortyapi.com/api/episode/37']
614,Musical Fan,['https://rickandmortyapi.com/api/episode/37']
615,Phantom of the Opera Fan,['https://rickandmortyapi.com/api/episode/37']
616,Phoenixperson,['https://rickandmortyapi.com/api/episode/37']
617,Private Smith,['https://rickandmortyapi.com/api/episode/37']
618,Professor Sanchez,['https://rickandmortyapi.com/api/episode/37']
619,Ramamama Lord,['https://rickandmortyapi.com/api/episode/37']
620,Ruth Bader Ginsburg,['https://rickandmortyapi.com/api/episode/37']
621,Sarge,['https://rickandmortyapi.com/api/episode/37']
622,Shrek The Musical Fan,['https://rickandmortyapi.com/api/episode/37']
623,Snuffles,['https://rickandmortyapi.com/api/episode/37']
624,Storylord,['https://rickandmortyapi.com/api/episode/37']
625,Tammy Guetermann,['https://rickandmortyapi.com/api/episode/37']
626,The Concept of Time,['https://rickandmortyapi.com/api/episode/37']
627,Beth Smith,['https://rickandmortyapi.com/api/episode/37']
628,Summer Smith,['https://rickandmortyapi.com/api/episode/37']
629,Morty Smith,['https://rickandmortyapi.com/api/episode/37']
630,Rick Sanchez,['https://rickandmortyapi.com/api/episode/37']
631,Train Cop,['https://rickandmortyapi.com/api/episode/37']
632,Train Cops,['https://rickandmortyapi.com/api/episode/37']
633,Train Cops Instructor,['https://rickandmortyapi.com/api/episode/37']
634,Darth Poopybutthole,['https://rickandmortyapi.com/api/episode/37']
635,Evil Morty,['https://rickandmortyapi.com/api/episode/37']
636,Mortys Disguise,['https://rickandmortyapi.com/api/episode/37']
637,Ricks Disguise,['https://rickandmortyapi.com/api/episode/37']
638,Uncle Nibbles,['https://rickandmortyapi.com/api/episode/37']
639,Angry Glorzo,['https://rickandmortyapi.com/api/episode/38']
640,Bruce,['https://rickandmortyapi.com/api/episode/38']
641,Council of Glorzos Member,['https://rickandmortyapi.com/api/episode/38']
642,Council of Glorzos Member,['https://rickandmortyapi.com/api/episode/38']
643,Old Glorzo,['https://rickandmortyapi.com/api/episode/38']
644,Shane,['https://rickandmortyapi.com/api/episode/38']
645,Steve,['https://rickandmortyapi.com/api/episode/38']
646,Troy,['https://rickandmortyapi.com/api/episode/38']
647,Crystal Dealers Boss,['https://rickandmortyapi.com/api/episode/39']
648,Crystal Dealer,['https://rickandmortyapi.com/api/episode/39']
649,Crystal Dealer,['https://rickandmortyapi.com/api/episode/39']
650,Crystal Dealer,['https://rickandmortyapi.com/api/episode/39']
651,SWAT Officer,['https://rickandmortyapi.com/api/episode/39']
652,Plane Crash Survivor,['https://rickandmortyapi.com/api/episode/39']
653,Plane Crash Survivor,['https://rickandmortyapi.com/api/episode/39']
654,Heroine Keith,['https://rickandmortyapi.com/api/episode/39']
655,Impervious to Acid SWAT Officer,['https://rickandmortyapi.com/api/episode/39']
656,Johnny Carson,['https://rickandmortyapi.com/api/episode/39']
657,Sonia Sotomayor,['https://rickandmortyapi.com/api/episode/39']
658,Mortys Father-in-law,['https://rickandmortyapi.com/api/episode/39']
659,Mortys Mother-in-law,['https://rickandmortyapi.com/api/episode/39']
660,Mortys Girlfriend,['https://rickandmortyapi.com/api/episode/39']
661,Gaia,['https://rickandmortyapi.com/api/episode/40']
662,Reggie,['https://rickandmortyapi.com/api/episode/40']
663,Ticktock,['https://rickandmortyapi.com/api/episode/40']
664,Florflock,['https://rickandmortyapi.com/api/episode/40']
665,Squeeb,['https://rickandmortyapi.com/api/episode/40']
666,Defiance Beth,"['https://rickandmortyapi.com/api/episode/41', 'https://rickandmortyapi.com/api/episode/43']"
667,Defiance Squanchette,['https://rickandmortyapi.com/api/episode/41']
668,Defiance Doctor,['https://rickandmortyapi.com/api/episode/41']
669,New Improved Galactic Federation Guard,['https://rickandmortyapi.com/api/episode/41']
670,New Improved Galactic Federation Guard,['https://rickandmortyapi.com/api/episode/41']
671,Mr. Nimbus,['https://rickandmortyapi.com/api/episode/42']
672,Hoovy,['https://rickandmortyapi.com/api/episode/42']
673,Bova,['https://rickandmortyapi.com/api/episode/42']
674,Japheth,['https://rickandmortyapi.com/api/episode/42']
675,Japheth's Middle Son,['https://rickandmortyapi.com/api/episode/42']
676,Japheth's Eldest Son,['https://rickandmortyapi.com/api/episode/42']
677,Japheth's Youngest Son,['https://rickandmortyapi.com/api/episode/42']
678,Japheth's Grandson,['https://rickandmortyapi.com/api/episode/42']
679,Adam,['https://rickandmortyapi.com/api/episode/42']
680,Adam's Mother,['https://rickandmortyapi.com/api/episode/42']
681,Warlock,['https://rickandmortyapi.com/api/episode/42']
682,Evolved Narnian,['https://rickandmortyapi.com/api/episode/42']
683,Mr. Nimbus Secretary,['https://rickandmortyapi.com/api/episode/42']
684,Evolved Narnian Disguised as Morty,['https://rickandmortyapi.com/api/episode/42']
685,Mr. Nimbus' Squid,['https://rickandmortyapi.com/api/episode/42']
686,Scarecrow Rick,['https://rickandmortyapi.com/api/episode/43']
687,Scarecrow Summer,['https://rickandmortyapi.com/api/episode/43']
688,Scarecrow Jerry,['https://rickandmortyapi.com/api/episode/43']
689,Scarecrow Morty,['https://rickandmortyapi.com/api/episode/43']
690,Scarecrow Beth,['https://rickandmortyapi.com/api/episode/43']
691,Glockenspiel Jerry,['https://rickandmortyapi.com/api/episode/43']
692,Glockenspiel Beth,['https://rickandmortyapi.com/api/episode/43']
693,Glockenspiel Rick,['https://rickandmortyapi.com/api/episode/43']
694,Glockenspiel Summer,['https://rickandmortyapi.com/api/episode/43']
695,Glockenspiel Morty,['https://rickandmortyapi.com/api/episode/43']
696,Wicker Beth,['https://rickandmortyapi.com/api/episode/43']
697,Wicker Rick,['https://rickandmortyapi.com/api/episode/43']
698,Wicker Morty,['https://rickandmortyapi.com/api/episode/43']
699,Wicker Summer,['https://rickandmortyapi.com/api/episode/43']
700,Metal Rick,['https://rickandmortyapi.com/api/episode/43']
701,Gun Brain Rick,['https://rickandmortyapi.com/api/episode/43']
702,Mr. Always Wants to be Hunted,['https://rickandmortyapi.com/api/episode/43']
703,Squid Costume Beth,['https://rickandmortyapi.com/api/episode/43']
704,Squid Costume Jerry,['https://rickandmortyapi.com/api/episode/43']
705,Squid Costume Morty,['https://rickandmortyapi.com/api/episode/43']
706,Squid Costume Rick,['https://rickandmortyapi.com/api/episode/43']
707,Squid Costume Summer,['https://rickandmortyapi.com/api/episode/43']
708,Dracula,['https://rickandmortyapi.com/api/episode/43']
709,Steve,['https://rickandmortyapi.com/api/episode/43']
710,When Wolf,['https://rickandmortyapi.com/api/episode/43']
711,Too Cute to Murder Beth,['https://rickandmortyapi.com/api/episode/43']
712,Too Cute to Murder Rick,['https://rickandmortyapi.com/api/episode/43']
713,Too Cute to Murder Jerry,['https://rickandmortyapi.com/api/episode/43']
714,Too Cute to Murder Morty,['https://rickandmortyapi.com/api/episode/43']
715,Too Cute to Murder Summer,['https://rickandmortyapi.com/api/episode/43']
716,Planetina,['https://rickandmortyapi.com/api/episode/44']
717,Daphne,['https://rickandmortyapi.com/api/episode/44']
718,Diesel Weasel,['https://rickandmortyapi.com/api/episode/44']
719,Eddie,['https://rickandmortyapi.com/api/episode/44']
720,Xing Ho,['https://rickandmortyapi.com/api/episode/44']
721,Air Tina-Teer,['https://rickandmortyapi.com/api/episode/44']
722,Water Tina-Teer,['https://rickandmortyapi.com/api/episode/44']
723,Planetina Buyer,['https://rickandmortyapi.com/api/episode/44']
724,Tony Galopagus,['https://rickandmortyapi.com/api/episode/44']
725,Sticky,['https://rickandmortyapi.com/api/episode/45']
726,Professor Shabooboo,['https://rickandmortyapi.com/api/episode/45']
727,Sperm Queen,['https://rickandmortyapi.com/api/episode/45']
728,CHUD King,['https://rickandmortyapi.com/api/episode/45']
729,Princess Ponietta,['https://rickandmortyapi.com/api/episode/45']
730,Naruto Smith,"['https://rickandmortyapi.com/api/episode/45', 'https://rickandmortyapi.com/api/episode/48']"
731,Blazen,['https://rickandmortyapi.com/api/episode/45']
732,Kathy Ireland,['https://rickandmortyapi.com/api/episode/45']
733,Amazing Johnathan,['https://rickandmortyapi.com/api/episode/45']
734,Foal Sanchez,['https://rickandmortyapi.com/api/episode/45']
735,Spaceman,['https://rickandmortyapi.com/api/episode/45']
736,Cirque du Soleil Zumanity Member,['https://rickandmortyapi.com/api/episode/45']
737,Cirque du Soleil Zumanity Member,['https://rickandmortyapi.com/api/episode/45']
738,Cirque du Soleil Zumanity Member,['https://rickandmortyapi.com/api/episode/45']
739,Cirque du Soleil Zumanity Member,['https://rickandmortyapi.com/api/episode/45']
740,Cirque du Soleil Zumanity Member,['https://rickandmortyapi.com/api/episode/45']
741,Bruce Chutback,['https://rickandmortyapi.com/api/episode/46']
742,Alyson Hannigan,['https://rickandmortyapi.com/api/episode/46']
743,Cenobite,['https://rickandmortyapi.com/api/episode/46']
744,Cenobite,['https://rickandmortyapi.com/api/episode/46']
745,Cenobite,['https://rickandmortyapi.com/api/episode/46']
746,Cenobite,['https://rickandmortyapi.com/api/episode/46']
747,Cenobite,['https://rickandmortyapi.com/api/episode/46']
748,Coat Rack Head,['https://rickandmortyapi.com/api/episode/46']
749,Mousetrap Nipples,['https://rickandmortyapi.com/api/episode/46']
750,Changeformer,['https://rickandmortyapi.com/api/episode/46']
751,Changeformer,['https://rickandmortyapi.com/api/episode/46']
752,Space Cruiser,"['https://rickandmortyapi.com/api/episode/17', 'https://rickandmortyapi.com/api/episode/47']"
753,Coop,['https://rickandmortyapi.com/api/episode/47']
754,Dwayne,['https://rickandmortyapi.com/api/episode/47']
755,Franklin D. Roosevelt,['https://rickandmortyapi.com/api/episode/47']
756,President's General,"['https://rickandmortyapi.com/api/episode/45', 'https://rickandmortyapi.com/api/episode/47']"
757,Giant Assassin Hidden in the Statue of Liberty,['https://rickandmortyapi.com/api/episode/47']
758,Turkey Morty,['https://rickandmortyapi.com/api/episode/47']
759,Turkey Rick,['https://rickandmortyapi.com/api/episode/47']
760,Turkey President Curtis,['https://rickandmortyapi.com/api/episode/47']
761,Martnez,['https://rickandmortyapi.com/api/episode/47']
762,Marvin,['https://rickandmortyapi.com/api/episode/47']
763,Jackey,['https://rickandmortyapi.com/api/episode/47']
764,Native Alien,['https://rickandmortyapi.com/api/episode/47']
765,Pilgrim Alien,['https://rickandmortyapi.com/api/episode/47']
766,President Turkey,['https://rickandmortyapi.com/api/episode/47']
767,Mary-Lou,['https://rickandmortyapi.com/api/episode/47']
768,Big Fat rick,['https://rickandmortyapi.com/api/episode/48']
769,Hothead Rick,['https://rickandmortyapi.com/api/episode/48']
770,Ricardo Montoya,['https://rickandmortyapi.com/api/episode/48']
771,Wrap-it-up Little Rick,['https://rickandmortyapi.com/api/episode/48']
772,Yo-yo Rick,['https://rickandmortyapi.com/api/episode/48']
773,Voiceoverian,['https://rickandmortyapi.com/api/episode/48']
774,Voiceoverian,['https://rickandmortyapi.com/api/episode/48']
775,Gotron Pilot,['https://rickandmortyapi.com/api/episode/48']
776,Gotron Pilot,['https://rickandmortyapi.com/api/episode/48']
777,Gotron Pilot,['https://rickandmortyapi.com/api/episode/48']
778,Young Memory Rick,['https://rickandmortyapi.com/api/episode/49']
779,Memory Tammy,['https://rickandmortyapi.com/api/episode/49']
780,Rick's Garage,['https://rickandmortyapi.com/api/episode/49']
781,Memory Squanchy,['https://rickandmortyapi.com/api/episode/49']
782,Memory Rick,['https://rickandmortyapi.com/api/episode/49']
783,Memory Rick,['https://rickandmortyapi.com/api/episode/49']
784,Memory Geardude,['https://rickandmortyapi.com/api/episode/49']
785,Birdperson & Tammy's Child,['https://rickandmortyapi.com/api/episode/49']
786,Two Crows,"['https://rickandmortyapi.com/api/episode/50', 'https://rickandmortyapi.com/api/episode/51']"
787,Mr. Cookie President,['https://rickandmortyapi.com/api/episode/50']
788,Nick,['https://rickandmortyapi.com/api/episode/50']
789,Harold (Garbage Goober),['https://rickandmortyapi.com/api/episode/50']
790,Harold's Wife,['https://rickandmortyapi.com/api/episode/50']
791,Alien Crow,['https://rickandmortyapi.com/api/episode/50']
792,Alien Crow,['https://rickandmortyapi.com/api/episode/50']
793,Samansky,['https://rickandmortyapi.com/api/episode/48']
794,Palicki,['https://rickandmortyapi.com/api/episode/48']
795,Sarge,['https://rickandmortyapi.com/api/episode/48']
796,Slartivartian,['https://rickandmortyapi.com/api/episode/44']
797,Ferkusian,['https://rickandmortyapi.com/api/episode/44']
798,Morglutzian,['https://rickandmortyapi.com/api/episode/44']
799,Super Turkey,['https://rickandmortyapi.com/api/episode/47']
800,7+7 Years Old Morty,['https://rickandmortyapi.com/api/episode/51']
801,26 Years Old Morty,['https://rickandmortyapi.com/api/episode/51']
802,40 Years Old Morty,['https://rickandmortyapi.com/api/episode/51']
803,Andy,['https://rickandmortyapi.com/api/episode/51']
804,Baby Mouse Skin Morty,['https://rickandmortyapi.com/api/episode/51']
805,Metaphor for Capitalism,['https://rickandmortyapi.com/api/episode/51']
806,Beth Sanchez,['https://rickandmortyapi.com/api/episode/51']
807,Crow Scare,['https://rickandmortyapi.com/api/episode/51']
808,Pussifer,['https://rickandmortyapi.com/api/episode/51']
809,Stan Lee Rick,['https://rickandmortyapi.com/api/episode/51']
810,Re-Build-a-Morty Morty,['https://rickandmortyapi.com/api/episode/51']
811,Deformed Morty,['https://rickandmortyapi.com/api/episode/51']
812,Crow Horse,['https://rickandmortyapi.com/api/episode/51']
813,Bald Rick,['https://rickandmortyapi.com/api/episode/51']
814,Punk Rick,['https://rickandmortyapi.com/api/episode/51']
815,Party Rick,['https://rickandmortyapi.com/api/episode/51']
816,Scar Rick,['https://rickandmortyapi.com/api/episode/51']
817,Long Hair Rick,['https://rickandmortyapi.com/api/episode/51']
818,Redhead Rick,['https://rickandmortyapi.com/api/episode/51']
819,Redhead Morty,['https://rickandmortyapi.com/api/episode/51']
820,Gotron,['https://rickandmortyapi.com/api/episode/48']
821,Young Jerry,['https://rickandmortyapi.com/api/episode/51']
822,Young Beth,['https://rickandmortyapi.com/api/episode/51']
823,Young Beth,['https://rickandmortyapi.com/api/episode/51']
824,Young Jerry,['https://rickandmortyapi.com/api/episode/51']
825,Butter Robot,['https://rickandmortyapi.com/api/episode/9']
